{"IF_RAW_MIN":-0.6331911547256496,"IF_RAW_MAX":-0.38721872834292803,"T_LOW":0.23549483358759649,"T_MOD":0.5261802850469113,"T_HIGH":0.7631357182509222,"BAND_COLOURS":{"LOW":"#2ca02c","MODERATE":"#ff7f0e","HIGH":"#d62728","CRITICAL":"#7b0000"},"SHIP_TYPE_RISK":{"Bulk Carrier":1.0,"Container Ship":0.03292730780640621,"General Cargo / Offshore / Misc":0.0,"Tanker / Gas Carrier":0.16683867475203734,"Tug & Tow":0.21271968482327133},"JURISDICTION_ENC":{"Indonesia":2,"Malaysia":1,"Singapore":0},"IF_FEATURES":["Lat_DD","Lon_DD","Hour_Sin","Hour_Cos","Month_Sin","Month_Cos","Wind_Speed_10m_kmh","Cloud_Cover_%","Effective_Lunar_Illum_%","Is_Daytime_Int","Est_Visibility_Score","Traffic_Anomaly_%","Ship_Type_Enc","Jurisdiction_Enc","Lane_Eastbound Lane","Lane_Outside of TSS Lanes","Lane_Westbound Lane"],"SCALER_MEAN":[1.1385316,103.75061597,0.29851949,0.62099513,0.12437676,-0.09532806,13.11093949,85.29861111,32.75295139,0.09722222,18.03184028,-0.8690625,0.67714555,1.81597222,0.82291667,0.11805556,0.05902778],"SCALER_SCALE":[0.08576738,0.24526616,0.51337485,0.51156371,0.66221105,0.73274791,5.79637881,26.84874812,38.69071373,0.29626013,26.86073423,7.04767738,0.40961422,0.42182856,0.38173921,0.32267389,0.23567668],"MONTHLY_ENV":{"1":{"Wind_Speed_10m_kmh":20.122,"Cloud_Cover_%":100.0,"Effective_Lunar_Illum_%":0.0,"Est_Visibility_Score":3.98,"Traffic_Anomaly_%":-2.64},"2":{"Wind_Speed_10m_kmh":16.246,"Cloud_Cover_%":100.0,"Effective_Lunar_Illum_%":21.73,"Est_Visibility_Score":7.96,"Traffic_Anomaly_%":-12.06},"3":{"Wind_Speed_10m_kmh":13.874,"Cloud_Cover_%":94.0,"Effective_Lunar_Illum_%":0.0,"Est_Visibility_Score":1.23,"Traffic_Anomaly_%":-2.94},"4":{"Wind_Speed_10m_kmh":9.243,"Cloud_Cover_%":100.0,"Effective_Lunar_Illum_%":8.51,"Est_Visibility_Score":13.79,"Traffic_Anomaly_%":-3.89},"5":{"Wind_Speed_10m_kmh":10.889,"Cloud_Cover_%":99.0,"Effective_Lunar_Illum_%":0.0,"Est_Visibility_Score":0.0,"Traffic_Anomaly_%":3.21},"6":{"Wind_Speed_10m_kmh":11.726,"Cloud_Cover_%":97.0,"Effective_Lunar_Illum_%":0.0,"Est_Visibility_Score":6.55,"Traffic_Anomaly_%":-1.31},"7":{"Wind_Speed_10m_kmh":12.88,"Cloud_Cover_%":89.0,"Effective_Lunar_Illum_%":0.0,"Est_Visibility_Score":8.07,"Traffic_Anomaly_%":2.34},"8":{"Wind_Speed_10m_kmh":13.104,"Cloud_Cover_%":94.0,"Effective_Lunar_Illum_%":0.0,"Est_Visibility_Score":5.18,"Traffic_Anomaly_%":2.89},"9":{"Wind_Speed_10m_kmh":9.364,"Cloud_Cover_%":100.0,"Effective_Lunar_Illum_%":37.365,"Est_Visibility_Score":14.99,"Traffic_Anomaly_%":-0.33},"10":{"Wind_Speed_10m_kmh":10.986,"Cloud_Cover_%":100.0,"Effective_Lunar_Illum_%":28.74,"Est_Visibility_Score":11.3,"Traffic_Anomaly_%":2.44},"11":{"Wind_Speed_10m_kmh":12.652,"Cloud_Cover_%":100.0,"Effective_Lunar_Illum_%":5.25,"Est_Visibility_Score":12.8,"Traffic_Anomaly_%":2.02},"12":{"Wind_Speed_10m_kmh":17.794,"Cloud_Cover_%":100.0,"Effective_Lunar_Illum_%":30.865,"Est_Visibility_Score":12.02,"Traffic_Anomaly_%":4.2}},"VIS_MAX":97.0,"ROUTE":{"Eastbound Lane":{"entry":[1.255,103.57],"exit":[1.195,104.12]},"Westbound Lane":{"entry":[1.195,104.12],"exit":[1.255,103.57]}}}